id,token_id,num_sales,background_color,image_url,image_preview_url,image_thumbnail_url,image_original_url,animation_url,animation_original_url,name,description,external_link,permalink,decimals,sell_orders,traits,last_sale,top_bid,listing_date,is_presale,transfer_fee_payment_token,transfer_fee,asset_contract.address,asset_contract.asset_contract_type,asset_contract.created_date,asset_contract.name,asset_contract.nft_version,asset_contract.opensea_version,asset_contract.owner,asset_contract.schema_name,asset_contract.symbol,asset_contract.total_supply,asset_contract.description,asset_contract.external_link,asset_contract.image_url,asset_contract.default_to_fiat,asset_contract.dev_buyer_fee_basis_points,asset_contract.dev_seller_fee_basis_points,asset_contract.only_proxied_transfers,asset_contract.opensea_buyer_fee_basis_points,asset_contract.opensea_seller_fee_basis_points,asset_contract.buyer_fee_basis_points,asset_contract.seller_fee_basis_points,asset_contract.payout_address,owner.user.username,owner.profile_img_url,owner.address,owner.config,owner.discord_id,collection.banner_image_url,collection.chat_url,collection.created_date,collection.default_to_fiat,collection.description,collection.dev_buyer_fee_basis_points,collection.dev_seller_fee_basis_points,collection.discord_url,collection.display_data.card_display_style,collection.external_url,collection.featured,collection.featured_image_url,collection.hidden,collection.safelist_request_status,collection.image_url,collection.is_subject_to_whitelist,collection.large_image_url,collection.medium_username,collection.name,collection.only_proxied_transfers,collection.opensea_buyer_fee_basis_points,collection.opensea_seller_fee_basis_points,collection.payout_address,collection.require_email,collection.short_description,collection.slug,collection.telegram_url,collection.twitter_username,collection.instagram_username,collection.wiki_url,creator.user.username,creator.profile_img_url,creator.address,creator.config,creator.discord_id,owner.user,collection.display_data.images,creator.user
21430616,78308153865954386594891820553713475676582051658896609242936985989427427803137,0,,https://lh3.googleusercontent.com/_q-mu_6zbVtVvFQe9fBlWSVraNs2bK8p2BeKsChpxIi26fjWSMRuXEqcKwtm99rgDku_qV3pT_VydijDv6P5AnHTmTlNkXuS6DZL1g,https://lh3.googleusercontent.com/_q-mu_6zbVtVvFQe9fBlWSVraNs2bK8p2BeKsChpxIi26fjWSMRuXEqcKwtm99rgDku_qV3pT_VydijDv6P5AnHTmTlNkXuS6DZL1g=s250,https://lh3.googleusercontent.com/_q-mu_6zbVtVvFQe9fBlWSVraNs2bK8p2BeKsChpxIi26fjWSMRuXEqcKwtm99rgDku_qV3pT_VydijDv6P5AnHTmTlNkXuS6DZL1g=s128,,,,pto,,,https://opensea.io/assets/0x495f947276749ce646f68ac8c248420045cb7b5e/78308153865954386594891820553713475676582051658896609242936985989427427803137,,[],[],,,,True,,,0x495f947276749ce646f68ac8c248420045cb7b5e,semi-fungible,2020-12-02T17:40:53.232025,OpenSea Collection,,2.0.0,102384.0,ERC1155,OPENSTORE,,,,,False,0,0,False,0,250,0,250,,NullAddress,https://storage.googleapis.com/opensea-static/opensea-profile/1.png,0x0000000000000000000000000000000000000000,,,,,2021-03-29T00:38:20.308382,False,Every. Single. Word.,0,0,,contain,,False,,True,not_requested,https://lh3.googleusercontent.com/0hzgSQdLVpdnwVkO-Hkfla6uMFnlzFm_KTDyAQgEUejiCbJ7gZ_4_xl7cndeYtnVCongvbojGYEXUMTfl7YYV6COrD2hZ7ODCvZr=s120,False,,,CryptoDictionary,False,0,250,,False,,cryptodictionary,,,,,NFTGan,https://storage.googleapis.com/opensea-static/opensea-profile/3.png,0xad20d82baf8d4d86e052699da1615429a0bd3a89,verified,,,,
21430615,106639766981115247905477203911545054500840091556672569539665413139130182795268,0,,,,,,,,,,,https://opensea.io/assets/0x495f947276749ce646f68ac8c248420045cb7b5e/106639766981115247905477203911545054500840091556672569539665413139130182795268,,[],"[{'trait_type': 'COMMON', 'value': 'Anchovy Pizza', 'display_type': None, 'max_value': None, 'trait_count': 0, 'order': None}]",,,,True,,,0x495f947276749ce646f68ac8c248420045cb7b5e,semi-fungible,2020-12-02T17:40:53.232025,OpenSea Collection,,2.0.0,102384.0,ERC1155,OPENSTORE,,,,,False,0,0,False,0,250,0,250,,NullAddress,https://storage.googleapis.com/opensea-static/opensea-profile/1.png,0x0000000000000000000000000000000000000000,,,https://lh3.googleusercontent.com/x15kvD3WcKvuxf7vgTux46825OODX7JHrB9xF0CipdBRjggLYQRow7-vdyimVN0fFomaPoH0rnI9jnyd9QUDH9i3MP5ndPUses2y=s2500,,2021-04-06T14:08:40.583221,False,"Welcome to CRYPTONY'S PIZZA! What'll it be, paisano? 

Cryptony's Pizzas are fun and weird collectible NFTs on the Ethereum blockchain! Each series will release 12 new slices of freshly baked pizza, with 4 different classes of rarity: 


COMMON:
4 variations, 4 slices each. 

UNCOMMON:
4 variations, 3 slices each.

RARE:
3 Variations, 2 slices each.

ULTRA RARE:
1 Slice.

CHECK OUT OUR WEBSITE FOR LORE AND MORE: www.CryptonysPizza.com

FOLLOW US ON TWITTER: @CryptonysPizza

What slice are you having?",0,1000,https://discord.gg/invite/7rjJYTdHjx,padded,http://www.CryptonysPizza.com,False,,True,not_requested,https://lh3.googleusercontent.com/KRjYi7aMasj33FXixtyrRj2ntOlKAsg4_dHz49Xy8UupMOyLYOloA6uh0iEoBvO1tKw7mRH_X85iN66KAyFOGaX1Syj7yuOGdnpoBg=s120,False,,,Cryptony's Pizza,False,0,250,0xebc3f81bf137feeb8b9b1c83c55eddc55066dc24,False,,cryptonys-pizzas,,CryptonysPizza,,,CRYPTONYS_PIZZA,https://storage.googleapis.com/opensea-static/opensea-profile/16.png,0xebc3f81bf137feeb8b9b1c83c55eddc55066dc24,,,,,
21430614,61641410290597015124524231243004280559362507425919945604091162205057028456449,0,,https://lh3.googleusercontent.com/z3Fy0napeMIxHex0D6OyTLRdEnLZLLL1IuSrBeELCDLiDH9DPuYsXMtglh29acfkGXPmQBb-GJuCHVym3jt6RdWL1yL1stQLrr5HUQ,https://lh3.googleusercontent.com/z3Fy0napeMIxHex0D6OyTLRdEnLZLLL1IuSrBeELCDLiDH9DPuYsXMtglh29acfkGXPmQBb-GJuCHVym3jt6RdWL1yL1stQLrr5HUQ=s250,https://lh3.googleusercontent.com/z3Fy0napeMIxHex0D6OyTLRdEnLZLLL1IuSrBeELCDLiDH9DPuYsXMtglh29acfkGXPmQBb-GJuCHVym3jt6RdWL1yL1stQLrr5HUQ=s128,,,,1930 Alfa Romeo Tipo P2,1930 Alfa Romeo Tipo P2,,https://opensea.io/assets/0x495f947276749ce646f68ac8c248420045cb7b5e/61641410290597015124524231243004280559362507425919945604091162205057028456449,,[],[],,,,True,,,0x495f947276749ce646f68ac8c248420045cb7b5e,semi-fungible,2020-12-02T17:40:53.232025,OpenSea Collection,,2.0.0,102384.0,ERC1155,OPENSTORE,,,,,False,0,0,False,0,250,0,250,,NullAddress,https://storage.googleapis.com/opensea-static/opensea-profile/1.png,0x0000000000000000000000000000000000000000,,,https://lh3.googleusercontent.com/5QKH4itmpbn2Wdq6gnzaQA4IOpuXuJmNFkmBPXy9KUGbawyr3mTscl2xX6v3ysxjoz5KIk4wa32aCSj0JC7ni-SxmvwEVvRdI1OQZQ=s2500,,2021-04-03T14:29:52.087806,False,"Welcome to my NFT car collection, don't miss the chance and have time to buy your NFT car.",0,1000,https://discord.gg/,contain,,False,https://lh3.googleusercontent.com/rtyzL1E8uI9C6DTir0aFbemMFaHhqXCClKyu5I_sMBP2fMo5SlFCu3vHtzPwz9fGpF8A3nJ6Jx1VIzA1spt079ZUtpF2Oud-h-2Bjg=s300,True,not_requested,https://lh3.googleusercontent.com/rtyzL1E8uI9C6DTir0aFbemMFaHhqXCClKyu5I_sMBP2fMo5SlFCu3vHtzPwz9fGpF8A3nJ6Jx1VIzA1spt079ZUtpF2Oud-h-2Bjg=s120,False,https://lh3.googleusercontent.com/rtyzL1E8uI9C6DTir0aFbemMFaHhqXCClKyu5I_sMBP2fMo5SlFCu3vHtzPwz9fGpF8A3nJ6Jx1VIzA1spt079ZUtpF2Oud-h-2Bjg=s300,,The machines of the world,False,0,250,0x8847cd45de8a0662c9dcbe5fad0915221e554803,False,,odino4ka-x,,Odino4kaX,odino4ka_x,,odino4ka_x,https://storage.googleapis.com/opensea-static/opensea-profile/12.png,0x8847cd45de8a0662c9dcbe5fad0915221e554803,,,,,
21430613,119,0,,,,,,,,,,,https://opensea.io/assets/0x04437d5dea4e511a5d34ae02a9c305b14b163974/119,,[],[],,,,False,,,0x04437d5dea4e511a5d34ae02a9c305b14b163974,non-fungible,2021-04-07T14:36:26.596796,,,,,ERC721,,,"M√§go de Oz es una banda de Folk Metal fundada el 7 de julio de 1988 por el baterista Txus di Fellatio. Se caracterizan por su heterog√©nea y peculiar propuesta musical de mezclar g√©neros como el Heavy Metal, Power Metal, Folk Metal, Celtic Metal, Hard Rock entre otros.",https://uniquedigital.art/store/mago-de-oz/,https://lh3.googleusercontent.com/o61RjMwz3Tpilbyr3dyZUBpdhySjxKa-eOwd_vjw7vrXFmBcmXcP9TGsbTYsMmXNYQ8lOL7ewxGbSOsk1ecgMXkgACpBIvBKY2Xz=s120,False,0,0,False,0,250,0,250,,,https://storage.googleapis.com/opensea-static/opensea-profile/1.png,0x0000000000000000000000000000000000000000,,,,,2021-04-07T14:36:31.408157,False,"M√§go de Oz es una banda de Folk Metal fundada el 7 de julio de 1988 por el baterista Txus di Fellatio. Se caracterizan por su heterog√©nea y peculiar propuesta musical de mezclar g√©neros como el Heavy Metal, Power Metal, Folk Metal, Celtic Metal, Hard Rock entre otros.",0,0,,contain,https://uniquedigital.art/store/mago-de-oz/,False,,True,not_requested,https://lh3.googleusercontent.com/o61RjMwz3Tpilbyr3dyZUBpdhySjxKa-eOwd_vjw7vrXFmBcmXcP9TGsbTYsMmXNYQ8lOL7ewxGbSOsk1ecgMXkgACpBIvBKY2Xz=s120,False,https://lh3.googleusercontent.com/o61RjMwz3Tpilbyr3dyZUBpdhySjxKa-eOwd_vjw7vrXFmBcmXcP9TGsbTYsMmXNYQ8lOL7ewxGbSOsk1ecgMXkgACpBIvBKY2Xz,,Mago de Oz,False,0,250,,False,,mago-de-oz,,,,,,https://storage.googleapis.com/opensea-static/opensea-profile/31.png,0x21d360865933d601c4b6e8e5caf8ddce6265de2b,,,,[],
21430612,58565782198116651501793224029972958140098078295144202906497146580374122397697,0,,https://lh3.googleusercontent.com/VLu6uasSiCzDnK7e5u4ykZ9CxVE0zdFbB5LC9pzPcF8233YUZWA6d6SUw4rjuidExzr3RU7tLK02-v43FGQaf5mCbSpIuLWPL7yPC_4,https://lh3.googleusercontent.com/VLu6uasSiCzDnK7e5u4ykZ9CxVE0zdFbB5LC9pzPcF8233YUZWA6d6SUw4rjuidExzr3RU7tLK02-v43FGQaf5mCbSpIuLWPL7yPC_4=s250,https://lh3.googleusercontent.com/VLu6uasSiCzDnK7e5u4ykZ9CxVE0zdFbB5LC9pzPcF8233YUZWA6d6SUw4rjuidExzr3RU7tLK02-v43FGQaf5mCbSpIuLWPL7yPC_4=s128,,https://storage.opensea.io/files/9c804d1eb34ea84b5d9e909303052da5.mp4,https://storage.opensea.io/files/9c804d1eb34ea84b5d9e909303052da5.mp4,My art for the mewithoutyou album Pale Horses,My artwork for the mewithoutyou album Pale Horses,,https://opensea.io/assets/0x495f947276749ce646f68ac8c248420045cb7b5e/58565782198116651501793224029972958140098078295144202906497146580374122397697,,[],[],,,,True,,,0x495f947276749ce646f68ac8c248420045cb7b5e,semi-fungible,2020-12-02T17:40:53.232025,OpenSea Collection,,2.0.0,102384.0,ERC1155,OPENSTORE,,,,,False,0,0,False,0,250,0,250,,NullAddress,https://storage.googleapis.com/opensea-static/opensea-profile/1.png,0x0000000000000000000000000000000000000000,,,https://lh3.googleusercontent.com/QmjyST1uesa2VtaEHaVvBNwaG7i_x8rSO_jZXOCI9LqLH8z0tTabpngqB0ctrp4mRqku8Iof6DmcKWZQekuCOEQGIEUjYfVv7y8Lxw=s2500,,2021-03-08T21:58:43.895712,False,"I work in a variety of media. I see my work as stringing together those half-formed shards of dreams and reconnecting them into a continuous timeline.
linktr.ee/Fishtower",0,0,,contain,,False,,True,not_requested,https://lh3.googleusercontent.com/DLfGv8fuznjauE7oGarNi15jW5J3SM0pcmh2NZHQduaxHXFE3uKxBDW-dtUhkWSkp5iBTV9DZAubfobneiYveG8r8eVrwfRy60br=s120,False,,,Fishtower V2,False,0,250,,False,,fishtower-v2,,,,,fishtower,https://storage.googleapis.com/opensea-static/opensea-profile/25.png,0x817b0edb7da1400f00c9e3b2f75b52c9a2e8c364,,,,,
21430611,95495117550602285338107141006753421867730974876625676637908949274912087867393,0,,https://lh3.googleusercontent.com/-kKMW9mHo5X_w0vJcHAflr_ApBcKiHkq9mq3i-0ftV1YuBxlZoYb66Fi3xOszUiQimQfMJO4-Eufqr9hPuSWzGY691Bq10_8kp9_kPo,https://lh3.googleusercontent.com/-kKMW9mHo5X_w0vJcHAflr_ApBcKiHkq9mq3i-0ftV1YuBxlZoYb66Fi3xOszUiQimQfMJO4-Eufqr9hPuSWzGY691Bq10_8kp9_kPo=s250,https://lh3.googleusercontent.com/-kKMW9mHo5X_w0vJcHAflr_ApBcKiHkq9mq3i-0ftV1YuBxlZoYb66Fi3xOszUiQimQfMJO4-Eufqr9hPuSWzGY691Bq10_8kp9_kPo=s128,,,,KID Paint Punk #8,,,https://opensea.io/assets/0x495f947276749ce646f68ac8c248420045cb7b5e/95495117550602285338107141006753421867730974876625676637908949274912087867393,,[],[],,,,True,,,0x495f947276749ce646f68ac8c248420045cb7b5e,semi-fungible,2020-12-02T17:40:53.232025,OpenSea Collection,,2.0.0,102384.0,ERC1155,OPENSTORE,,,,,False,0,0,False,0,250,0,250,,NullAddress,https://storage.googleapis.com/opensea-static/opensea-profile/1.png,0x0000000000000000000000000000000000000000,,,https://lh3.googleusercontent.com/eivGPiN_nJtQGt_B78nk1B0ua1sLJ8UP7M0Xfy_gv1NVogQPgA7TqgHvpb7ExEOYpETxfKRAI9CjGi-E0NQuGtpQ6raddpPG016tstY=s2500,,2021-04-07T15:01:32.552676,False,Paint Punks are hand-drawn by a child. All the money from the purchase of Punks will go to his pocket money. He dreams of a gaming computer.,0,0,,contain,,False,,True,not_requested,https://lh3.googleusercontent.com/PSM3gcud2s4zVNs5Gchxr0CkyVFpu_1FNfpqTzQUtYIlrdnDss9DaBmXMR1vMSaUZJ3eq7QKpnEUun2ng_bAmZQ5vBbQmV58Fwftd54=s120,False,,,KID Paint Punks,False,0,250,,False,,nft-paint-punks,,,,,Otaku_King,https://storage.googleapis.com/opensea-static/opensea-profile/30.png,0xd3205235cb0a1f137f3d1684b8c9ebeae382ce3b,,,,,
21430610,118,0,,,,,,,,,,,https://opensea.io/assets/0x04437d5dea4e511a5d34ae02a9c305b14b163974/118,,[],[],,,,False,,,0x04437d5dea4e511a5d34ae02a9c305b14b163974,non-fungible,2021-04-07T14:36:26.596796,,,,,ERC721,,,"M√§go de Oz es una banda de Folk Metal fundada el 7 de julio de 1988 por el baterista Txus di Fellatio. Se caracterizan por su heterog√©nea y peculiar propuesta musical de mezclar g√©neros como el Heavy Metal, Power Metal, Folk Metal, Celtic Metal, Hard Rock entre otros.",https://uniquedigital.art/store/mago-de-oz/,https://lh3.googleusercontent.com/o61RjMwz3Tpilbyr3dyZUBpdhySjxKa-eOwd_vjw7vrXFmBcmXcP9TGsbTYsMmXNYQ8lOL7ewxGbSOsk1ecgMXkgACpBIvBKY2Xz=s120,False,0,0,False,0,250,0,250,,,https://storage.googleapis.com/opensea-static/opensea-profile/1.png,0x0000000000000000000000000000000000000000,,,,,2021-04-07T14:36:31.408157,False,"M√§go de Oz es una banda de Folk Metal fundada el 7 de julio de 1988 por el baterista Txus di Fellatio. Se caracterizan por su heterog√©nea y peculiar propuesta musical de mezclar g√©neros como el Heavy Metal, Power Metal, Folk Metal, Celtic Metal, Hard Rock entre otros.",0,0,,contain,https://uniquedigital.art/store/mago-de-oz/,False,,True,not_requested,https://lh3.googleusercontent.com/o61RjMwz3Tpilbyr3dyZUBpdhySjxKa-eOwd_vjw7vrXFmBcmXcP9TGsbTYsMmXNYQ8lOL7ewxGbSOsk1ecgMXkgACpBIvBKY2Xz=s120,False,https://lh3.googleusercontent.com/o61RjMwz3Tpilbyr3dyZUBpdhySjxKa-eOwd_vjw7vrXFmBcmXcP9TGsbTYsMmXNYQ8lOL7ewxGbSOsk1ecgMXkgACpBIvBKY2Xz,,Mago de Oz,False,0,250,,False,,mago-de-oz,,,,,,https://storage.googleapis.com/opensea-static/opensea-profile/31.png,0x21d360865933d601c4b6e8e5caf8ddce6265de2b,,,,[],
21430609,57214983263448869674775630968151253634295449153401752953069232480255534432257,0,,https://lh3.googleusercontent.com/1pFdDPFkQ4pa6pQCZqslwL0ROICeEM9_glKxVuYfpNFacblAXUrB5SfqhVIwJp13Z-5_ljJBYaJWtpiUA3vVd3-Xm1LZ9YXPWGiQfQ,https://lh3.googleusercontent.com/1pFdDPFkQ4pa6pQCZqslwL0ROICeEM9_glKxVuYfpNFacblAXUrB5SfqhVIwJp13Z-5_ljJBYaJWtpiUA3vVd3-Xm1LZ9YXPWGiQfQ=s250,https://lh3.googleusercontent.com/1pFdDPFkQ4pa6pQCZqslwL0ROICeEM9_glKxVuYfpNFacblAXUrB5SfqhVIwJp13Z-5_ljJBYaJWtpiUA3vVd3-Xm1LZ9YXPWGiQfQ=s128,,,,In the dark,,https://www.luisgomes.uk/Links,https://opensea.io/assets/0x495f947276749ce646f68ac8c248420045cb7b5e/57214983263448869674775630968151253634295449153401752953069232480255534432257,,[],[],,,,True,,,0x495f947276749ce646f68ac8c248420045cb7b5e,semi-fungible,2020-12-02T17:40:53.232025,OpenSea Collection,,2.0.0,102384.0,ERC1155,OPENSTORE,,,,,False,0,0,False,0,250,0,250,,NullAddress,https://storage.googleapis.com/opensea-static/opensea-profile/1.png,0x0000000000000000000000000000000000000000,,,https://lh3.googleusercontent.com/HlMDHQhcKNQ3gb0A9CQVwiwxldSG_DabcQKnS0DoXc5rCgdbsnSHzdDnXDLGp9-rdZoJTQXQ9ByyHWUBreX0ImDJxg7TOhOd5ok4Zkk=s2500,,2021-04-07T14:43:16.416277,False,"I am a professional photographer in London, Director of LuisGomes.uk and PetroleoAmerica.com.
",0,500,,contain,http://www.luisgomes.uk,False,https://lh3.googleusercontent.com/wTenya88mECszmPhQypiQ2AGX4Zto5K4NPWgrUUJmFhkDPRcOS2AdJIonxGWMMOOd2UlNyweX4x3xpJrVtZq8WaDEOFRg8ATX0PEQA=s300,True,not_requested,https://lh3.googleusercontent.com/ri6_9wKk98eCLgvPMQr4rSkWEvMbinQu-zLC_6Kpoq4TJ0Pjklqa-cmslLNqxa9BcVN3Sw8oviBS6c4VgdB3-0s2Ff3KN82EWxq83g=s120,False,https://lh3.googleusercontent.com/wTenya88mECszmPhQypiQ2AGX4Zto5K4NPWgrUUJmFhkDPRcOS2AdJIonxGWMMOOd2UlNyweX4x3xpJrVtZq8WaDEOFRg8ATX0PEQA=s300,,Luis Gomes NFT art,False,0,250,0x7e7e886e52978001706b1bf698d9dc216627cf60,False,,luis-gomes-nft-art,,luisgomesphotos,luisgomesphotos,,,https://storage.googleapis.com/opensea-static/opensea-profile/19.png,0x7e7e886e52978001706b1bf698d9dc216627cf60,,,,,
21430608,78308153865954386594891820553713475676582051658896609242936985988327916175361,0,,https://lh3.googleusercontent.com/rTQGyAaK3wI9V0c3f2tGfXjH4DTQkVU6SXqKq5azy7fsk3r6rhgCyKx7DxaYIio_90VAtjmjiIoGTNigJODpuHHxUVR2PgA_eEhDLQ,https://lh3.googleusercontent.com/rTQGyAaK3wI9V0c3f2tGfXjH4DTQkVU6SXqKq5azy7fsk3r6rhgCyKx7DxaYIio_90VAtjmjiIoGTNigJODpuHHxUVR2PgA_eEhDLQ=s250,https://lh3.googleusercontent.com/rTQGyAaK3wI9V0c3f2tGfXjH4DTQkVU6SXqKq5azy7fsk3r6rhgCyKx7DxaYIio_90VAtjmjiIoGTNigJODpuHHxUVR2PgA_eEhDLQ=s128,,,,undead,,,https://opensea.io/assets/0x495f947276749ce646f68ac8c248420045cb7b5e/78308153865954386594891820553713475676582051658896609242936985988327916175361,,[],[],,,,True,,,0x495f947276749ce646f68ac8c248420045cb7b5e,semi-fungible,2020-12-02T17:40:53.232025,OpenSea Collection,,2.0.0,102384.0,ERC1155,OPENSTORE,,,,,False,0,0,False,0,250,0,250,,NullAddress,https://storage.googleapis.com/opensea-static/opensea-profile/1.png,0x0000000000000000000000000000000000000000,,,,,2021-03-29T00:38:20.308382,False,Every. Single. Word.,0,0,,contain,,False,,True,not_requested,https://lh3.googleusercontent.com/0hzgSQdLVpdnwVkO-Hkfla6uMFnlzFm_KTDyAQgEUejiCbJ7gZ_4_xl7cndeYtnVCongvbojGYEXUMTfl7YYV6COrD2hZ7ODCvZr=s120,False,,,CryptoDictionary,False,0,250,,False,,cryptodictionary,,,,,NFTGan,https://storage.googleapis.com/opensea-static/opensea-profile/3.png,0xad20d82baf8d4d86e052699da1615429a0bd3a89,verified,,,,
21430607,5373872504051748913438959408376055207184674064142799171899620961944751570945,0,,https://lh3.googleusercontent.com/BVnOMyWuRCr88FJAUocEt68w_V6nmU3hSxrcSoRTJ_HJE9Oo_VT7xLQZq7RFdWC9j-G5ssXdkhIi1mNOBc4ADVyPtAbajfblGypKFKA,https://lh3.googleusercontent.com/BVnOMyWuRCr88FJAUocEt68w_V6nmU3hSxrcSoRTJ_HJE9Oo_VT7xLQZq7RFdWC9j-G5ssXdkhIi1mNOBc4ADVyPtAbajfblGypKFKA=s250,https://lh3.googleusercontent.com/BVnOMyWuRCr88FJAUocEt68w_V6nmU3hSxrcSoRTJ_HJE9Oo_VT7xLQZq7RFdWC9j-G5ssXdkhIi1mNOBc4ADVyPtAbajfblGypKFKA=s128,,,,Crypto Block Jumper #82 Shrek,,,https://opensea.io/assets/0x495f947276749ce646f68ac8c248420045cb7b5e/5373872504051748913438959408376055207184674064142799171899620961944751570945,,[],[],,,,True,,,0x495f947276749ce646f68ac8c248420045cb7b5e,semi-fungible,2020-12-02T17:40:53.232025,OpenSea Collection,,2.0.0,102384.0,ERC1155,OPENSTORE,,,,,False,0,0,False,0,250,0,250,,NullAddress,https://storage.googleapis.com/opensea-static/opensea-profile/1.png,0x0000000000000000000000000000000000000000,,,https://lh3.googleusercontent.com/X31Yj1itdIjmYO6gYwn2U8cdY0R7R4OsVNsp7yCdt4vb6M7GNC8Yd_x4XY8GgODbFglTUG61JzexUmIbwOFgxmcCE0YJl5ZBKzqgLQ=s2500,,2021-03-19T20:12:37.496924,False,"#### Welcome to amazing block-city worldüññüèº

#### Where unique characters from different universes live. 

#### The universes characters will be mixed with each other and will be released in random order.

#### This is collection of 100% unique hand-crafted NFT block-city characters, 
#### stored as an ERC721 token on the Ethereum blockchain.

#### In total, only 4096 characters will be released and no more will be released. 

#### Take your own hero‚úåüèº

#### Get the full collection, turn on music and have fun ü§™ 

#### Resolution: 600x600 

#### Action: Jump

#### Format: GIF

#### Made with love üíóüíóüíó

#### ‚ö†Ô∏è The release will take place once a day in a pack of 10 characters.

#### Website? Coming soon...

#### Contact me on Telegram if you have any questions :]",0,525,https://discord.gg/,contain,,False,https://lh3.googleusercontent.com/O7SbYJ-TzvrNdacrB_5k8B3ou05TouvCGL6xpWBoOHmLDunse3jLq41I2FV0SWrNbVItRkO7g7xFGNnliv9JW0oSQQ38VgYX5nvRY9c=s300,True,not_requested,https://lh3.googleusercontent.com/O7SbYJ-TzvrNdacrB_5k8B3ou05TouvCGL6xpWBoOHmLDunse3jLq41I2FV0SWrNbVItRkO7g7xFGNnliv9JW0oSQQ38VgYX5nvRY9c=s120,False,https://lh3.googleusercontent.com/O7SbYJ-TzvrNdacrB_5k8B3ou05TouvCGL6xpWBoOHmLDunse3jLq41I2FV0SWrNbVItRkO7g7xFGNnliv9JW0oSQQ38VgYX5nvRY9c=s300,,CRYPTO BLOCK JUMPERS,False,0,250,0x969034b457b4c94c5969568b019b518e1f1eb811,False,,crypto-block-jumpers,https://t.me/craftyo,TREASUREOFMINDs,,,RAREATMOSPHERE,https://storage.googleapis.com/opensea-static/opensea-profile/14.png,0x0be18109734c9a5ce718991c68f00c16bc0fb781,,,,,
21430606,105106996878630511210248856593636848502986555109151911559735831432590736228353,0,,https://lh3.googleusercontent.com/rJgsjuGQATQGBQDhW83HRYyGjthAIImv7p2I4fVPo8idsT4O2vVtBLWe1NP0geQxtRHcpIYhvUlbDK_zUGaIQcAP5e6XPC-v8Yfj,https://lh3.googleusercontent.com/rJgsjuGQATQGBQDhW83HRYyGjthAIImv7p2I4fVPo8idsT4O2vVtBLWe1NP0geQxtRHcpIYhvUlbDK_zUGaIQcAP5e6XPC-v8Yfj=s250,https://lh3.googleusercontent.com/rJgsjuGQATQGBQDhW83HRYyGjthAIImv7p2I4fVPo8idsT4O2vVtBLWe1NP0geQxtRHcpIYhvUlbDK_zUGaIQcAP5e6XPC-v8Yfj=s128,,,,Dooggie #3414,,,https://opensea.io/assets/0x495f947276749ce646f68ac8c248420045cb7b5e/105106996878630511210248856593636848502986555109151911559735831432590736228353,,[],"[{'trait_type': 'Skin', 'value': 'basic', 'display_type': None, 'max_value': None, 'trait_count': 3282, 'order': None}, {'trait_type': 'Attribute', 'value': 'Paper boat hat', 'display_type': None, 'max_value': None, 'trait_count': 49, 'order': None}, {'trait_type': 'Attribute', 'value': 'Smile', 'display_type': None, 'max_value': None, 'trait_count': 111, 'order': None}]",,,,True,,,0x495f947276749ce646f68ac8c248420045cb7b5e,semi-fungible,2020-12-02T17:40:53.232025,OpenSea Collection,,2.0.0,102384.0,ERC1155,OPENSTORE,,,,,False,0,0,False,0,250,0,250,,NullAddress,https://storage.googleapis.com/opensea-static/opensea-profile/1.png,0x0000000000000000000000000000000000000000,,,https://lh3.googleusercontent.com/oDXppXghdGsnsm2z9vDzJ7s6hLcO5oJWFJotGaQ51yPgT8uakkRrad6eWWD8n96ODDTVXi2ue6z_TS6XC9GyJKsKvhhH4qMBp0kw1g=s2500,,2021-04-06T09:25:37.150683,False,"Our 10000 Dooggies are Alpha Dogs resulting from mutation locked in NFTs !
Each Dooggie is a 32x32 pixel art entirely generated by program and then scaled to 320x320.
Therefore, their creation is based from one unique generation and they are stored as ERC721 tokens on the Ethereum blockchain.

Please visit our [website](https://dooggies.fr/) to see each skins, moods and attributes and their statistics. 
Don't wait any longer to take your own while they can be adopted.",0,500,,cover,https://dooggies.fr/,False,https://lh3.googleusercontent.com/9vDrAnnNB8671QlQrEuHHU6-M8fOQcVuf1S-Qe75pzG-oDfM2-CE84xQC73ocx0mTsDdfR1wP5Cxnc8httAMxKN3P_dq5FsPpAvIAg=s300,True,not_requested,https://lh3.googleusercontent.com/ifBHiRbzeSDw99BZ99oog_dpd3FNlAPWClKBTllbo1sqHDow5_d68DSHy5-TqIJDkkMhSfTyZ8myJ03JlDkqrBAzuadRICbyBs0QgQ=s120,False,https://lh3.googleusercontent.com/9vDrAnnNB8671QlQrEuHHU6-M8fOQcVuf1S-Qe75pzG-oDfM2-CE84xQC73ocx0mTsDdfR1wP5Cxnc8httAMxKN3P_dq5FsPpAvIAg=s300,,Dooggies,False,0,250,0xe86073b90666547b822887cfd7d4e6e973906e5c,False,,dooggies,,,,,Dooggies,https://storage.googleapis.com/opensea-static/opensea-profile/2.png,0xe86073b90666547b822887cfd7d4e6e973906e5c,,,,,
21430605,80920326584072066456540156674535116621515560550304979851887562104275495550977,0,,https://lh3.googleusercontent.com/rok76bEZWlICvIlncvDbPbiElHjmwhi6ej1EDgRWli3BUok_2uB-Afl5NgacvBsg-0SO-jTMS4-dlLgUEvMF6oUlch33H2ct40qtiA,https://lh3.googleusercontent.com/rok76bEZWlICvIlncvDbPbiElHjmwhi6ej1EDgRWli3BUok_2uB-Afl5NgacvBsg-0SO-jTMS4-dlLgUEvMF6oUlch33H2ct40qtiA=s250,https://lh3.googleusercontent.com/rok76bEZWlICvIlncvDbPbiElHjmwhi6ej1EDgRWli3BUok_2uB-Afl5NgacvBsg-0SO-jTMS4-dlLgUEvMF6oUlch33H2ct40qtiA=s128,,,,Data Does Painting #17,"All paintings in this collection are 1/1 100% unique minted works of AI art that you can 100% own as NFTs. Nobody else in the world will have one like it! All paintings come as 4k+ images (see description above for specific dimensions).

Our AI was trained on millions of paintings from famous artists including but not limited to Van Gogh, Pablo Picasso, Amedeo Modigliani, and many others. It has produced a limited unique collection of museum-quality artworks that don't exist anywhere else.

For this NFT, every owner has a right to redeem a physical museum-quality canvas with this painting. Check out unlockable content for more information.

If any of the paintings made you feel any emotions, I would be most interested in hearing about them on Twitter, Discord, or Instagram (see links below).

- Twitter: [https://twitter.com/DataPainting](https://twitter.com/DataPainting)
- Instagram: [https://www.instagram.com/datadoespainting/](https://www.instagram.com/datadoespainting/)
- Discord: [https://discord.gg/zkmPqqMKc7)(https://discord.gg/zkmPqqMKc7)
- Facebook: [https://www.facebook.com/DataDoesPainting](https://www.facebook.com/DataDoesPainting)
- Pinterest: [https://www.pinterest.com/datadoespainting](https://www.pinterest.com/datadoespainting)

""Data Does Painting #17"" details:
- Dimensions: 6400x3592px
- Style: Impressionism
- Primary color: Varied",,https://opensea.io/assets/0x495f947276749ce646f68ac8c248420045cb7b5e/80920326584072066456540156674535116621515560550304979851887562104275495550977,,[],"[{'trait_type': 'Orientation', 'value': 'Landscape', 'display_type': None, 'max_value': None, 'trait_count': 7, 'order': None}, {'trait_type': 'Style', 'value': 'Impressionism', 'display_type': None, 'max_value': None, 'trait_count': 2, 'order': None}, {'trait_type': 'Color', 'value': 'Varied', 'display_type': None, 'max_value': None, 'trait_count': 5, 'order': None}]",,,,True,,,0x495f947276749ce646f68ac8c248420045cb7b5e,semi-fungible,2020-12-02T17:40:53.232025,OpenSea Collection,,2.0.0,102384.0,ERC1155,OPENSTORE,,,,,False,0,0,False,0,250,0,250,,NullAddress,https://storage.googleapis.com/opensea-static/opensea-profile/1.png,0x0000000000000000000000000000000000000000,,,https://lh3.googleusercontent.com/ofd0u_2HUp2wTZZ7-FMSYPyGyfdcWOt0bUvP9bp3h0Qib9wLfwWPm9kyizjaSw0M-zP2ZhyJiWK9HzUqwKaccq0ZAbPU2qEPXEw5Rw=s2500,,2021-04-06T15:25:38.768765,False,"Data Does Painting v1 is a collection of AI-generated paintings created using neural style transfer, a technique used to mimic famous painter styles.

All paintings are 1/1 minted unique works of art that don't exist anywhere else. Buying one of these means you're the sole owner of the NFT. You can also get the painting on a real-life museum-quality canvas if you wish to do so.

The collection will feature no more than 10,000 paintings and features a progressively increasing pricing curve (you can find the details on the website, see below).

Become an art connoisseur today by getting one of these paintings!

To do:
- Find out more here: [https://datadoespainting.art/](https://datadoespainting.art/)
- Join our Discord: [https://discord.gg/zkmPqqMKc7](https://discord.gg/zkmPqqMKc7)
- Twitter: [https://twitter.com/DataPainting](https://twitter.com/DataPainting)
- Instagram: [https://www.instagram.com/datadoespainting/](https://www.instagram.com/datadoespainting/) 
",0,1000,https://discord.gg/zkmPqqMKc7,contain,https://datadoespainting.art,False,https://lh3.googleusercontent.com/a16SGK_uajRkjXF5_YJxXfZJCf0B4GXyGSNJKBvw8YhtI8PhXrvgdY4cTbe7ee3eAZU0BBKSwdU7ap5WgI8JTPqDncYBr8MVp7wn=s300,True,not_requested,https://lh3.googleusercontent.com/wZAc7S-6eZnvp-MmT_oF90smhdl05eUa_uGoJud_4f1ZkM6jWaqnDPIyiY5HLx7i3WBeYGMfIH5fZk7huFHCQyE4CnbrzYEJLFqHOyc=s120,False,https://lh3.googleusercontent.com/a16SGK_uajRkjXF5_YJxXfZJCf0B4GXyGSNJKBvw8YhtI8PhXrvgdY4cTbe7ee3eAZU0BBKSwdU7ap5WgI8JTPqDncYBr8MVp7wn=s300,,Data Does Painting,False,0,250,0xb2e74822d0105c42b1e889c1031c024981e6e2d3,False,,data-does-painting-v1,,DataPainting,datadoespainting,,data-does-painting,https://storage.googleapis.com/opensea-static/opensea-profile/10.png,0xb2e74822d0105c42b1e889c1031c024981e6e2d3,,,,,
21430604,26,0,,https://lh3.googleusercontent.com/lmYaeFW3SKkwkZrEvFYbtBL48590qumzb7OS6OmNkp8fruJ80RUKDQBBA0VdgWNMRkwjYsfFRHQfAlI4MS80Kf7-5mzGrpT2_5iSdw,https://lh3.googleusercontent.com/lmYaeFW3SKkwkZrEvFYbtBL48590qumzb7OS6OmNkp8fruJ80RUKDQBBA0VdgWNMRkwjYsfFRHQfAlI4MS80Kf7-5mzGrpT2_5iSdw=s250,https://lh3.googleusercontent.com/lmYaeFW3SKkwkZrEvFYbtBL48590qumzb7OS6OmNkp8fruJ80RUKDQBBA0VdgWNMRkwjYsfFRHQfAlI4MS80Kf7-5mzGrpT2_5iSdw=s128,https://VJyou-mint-nandemotoken-com.github.io/VportalGalleryPreOpenSouvenir/vportal-logo_pre_01.jpg,,,VportalGallery pre open Souvenir,Thank you for visiting Vportal Gallery pre open.,,https://opensea.io/assets/0xf0cba130debf24fc2e2423a890d4cfc2a4cc6f52/26,,[],"[{'trait_type': ' Presenter', 'value': 'VJyou', 'display_type': None, 'max_value': None, 'trait_count': 25, 'order': None}]",,,,False,,,0xf0cba130debf24fc2e2423a890d4cfc2a4cc6f52,non-fungible,2021-04-04T10:56:46.165757,,,,,ERC721,,,,,,False,0,0,False,0,250,0,250,,,https://storage.googleapis.com/opensea-static/opensea-profile/1.png,0x0000000000000000000000000000000000000000,,,,,2021-04-04T10:56:47.080640,False,,0,0,,contain,,False,,True,not_requested,,False,,,VportalGallery pre open Souvenir,False,0,250,,False,,vportalgallery-pre-open-souvenir,,,,,,https://storage.googleapis.com/opensea-static/opensea-profile/7.png,0x74c3113902be0ed1567fe57fa3662af0d10d1327,,,,[],
21430603,117,0,,,,,,,,,,,https://opensea.io/assets/0x04437d5dea4e511a5d34ae02a9c305b14b163974/117,,[],[],,,,False,,,0x04437d5dea4e511a5d34ae02a9c305b14b163974,non-fungible,2021-04-07T14:36:26.596796,,,,,ERC721,,,"M√§go de Oz es una banda de Folk Metal fundada el 7 de julio de 1988 por el baterista Txus di Fellatio. Se caracterizan por su heterog√©nea y peculiar propuesta musical de mezclar g√©neros como el Heavy Metal, Power Metal, Folk Metal, Celtic Metal, Hard Rock entre otros.",https://uniquedigital.art/store/mago-de-oz/,https://lh3.googleusercontent.com/o61RjMwz3Tpilbyr3dyZUBpdhySjxKa-eOwd_vjw7vrXFmBcmXcP9TGsbTYsMmXNYQ8lOL7ewxGbSOsk1ecgMXkgACpBIvBKY2Xz=s120,False,0,0,False,0,250,0,250,,,https://storage.googleapis.com/opensea-static/opensea-profile/1.png,0x0000000000000000000000000000000000000000,,,,,2021-04-07T14:36:31.408157,False,"M√§go de Oz es una banda de Folk Metal fundada el 7 de julio de 1988 por el baterista Txus di Fellatio. Se caracterizan por su heterog√©nea y peculiar propuesta musical de mezclar g√©neros como el Heavy Metal, Power Metal, Folk Metal, Celtic Metal, Hard Rock entre otros.",0,0,,contain,https://uniquedigital.art/store/mago-de-oz/,False,,True,not_requested,https://lh3.googleusercontent.com/o61RjMwz3Tpilbyr3dyZUBpdhySjxKa-eOwd_vjw7vrXFmBcmXcP9TGsbTYsMmXNYQ8lOL7ewxGbSOsk1ecgMXkgACpBIvBKY2Xz=s120,False,https://lh3.googleusercontent.com/o61RjMwz3Tpilbyr3dyZUBpdhySjxKa-eOwd_vjw7vrXFmBcmXcP9TGsbTYsMmXNYQ8lOL7ewxGbSOsk1ecgMXkgACpBIvBKY2Xz,,Mago de Oz,False,0,250,,False,,mago-de-oz,,,,,,https://storage.googleapis.com/opensea-static/opensea-profile/31.png,0x21d360865933d601c4b6e8e5caf8ddce6265de2b,,,,[],
21430602,116,0,,,,,,,,,,,https://opensea.io/assets/0x04437d5dea4e511a5d34ae02a9c305b14b163974/116,,[],[],,,,False,,,0x04437d5dea4e511a5d34ae02a9c305b14b163974,non-fungible,2021-04-07T14:36:26.596796,,,,,ERC721,,,"M√§go de Oz es una banda de Folk Metal fundada el 7 de julio de 1988 por el baterista Txus di Fellatio. Se caracterizan por su heterog√©nea y peculiar propuesta musical de mezclar g√©neros como el Heavy Metal, Power Metal, Folk Metal, Celtic Metal, Hard Rock entre otros.",https://uniquedigital.art/store/mago-de-oz/,https://lh3.googleusercontent.com/o61RjMwz3Tpilbyr3dyZUBpdhySjxKa-eOwd_vjw7vrXFmBcmXcP9TGsbTYsMmXNYQ8lOL7ewxGbSOsk1ecgMXkgACpBIvBKY2Xz=s120,False,0,0,False,0,250,0,250,,,https://storage.googleapis.com/opensea-static/opensea-profile/1.png,0x0000000000000000000000000000000000000000,,,,,2021-04-07T14:36:31.408157,False,"M√§go de Oz es una banda de Folk Metal fundada el 7 de julio de 1988 por el baterista Txus di Fellatio. Se caracterizan por su heterog√©nea y peculiar propuesta musical de mezclar g√©neros como el Heavy Metal, Power Metal, Folk Metal, Celtic Metal, Hard Rock entre otros.",0,0,,contain,https://uniquedigital.art/store/mago-de-oz/,False,,True,not_requested,https://lh3.googleusercontent.com/o61RjMwz3Tpilbyr3dyZUBpdhySjxKa-eOwd_vjw7vrXFmBcmXcP9TGsbTYsMmXNYQ8lOL7ewxGbSOsk1ecgMXkgACpBIvBKY2Xz=s120,False,https://lh3.googleusercontent.com/o61RjMwz3Tpilbyr3dyZUBpdhySjxKa-eOwd_vjw7vrXFmBcmXcP9TGsbTYsMmXNYQ8lOL7ewxGbSOsk1ecgMXkgACpBIvBKY2Xz,,Mago de Oz,False,0,250,,False,,mago-de-oz,,,,,,https://storage.googleapis.com/opensea-static/opensea-profile/31.png,0x21d360865933d601c4b6e8e5caf8ddce6265de2b,,,,[],
21430601,10010,0,,,,,,,,,,,https://opensea.io/assets/0xfa17a2751576277176627c1f525f1eda94575555/10010,,[],[],,,,False,,,0xfa17a2751576277176627c1f525f1eda94575555,non-fungible,2021-01-04T21:51:22.638944,,,,,ERC721,,,,,,False,0,0,False,0,250,0,250,,,https://storage.googleapis.com/opensea-static/opensea-profile/1.png,0x0000000000000000000000000000000000000000,,,,,2021-01-04T21:51:22.829899,False,,0,0,,contain,,False,,True,not_requested,,False,,,MCP Appliance,False,0,250,,False,,mcp-appliance,,,,,,https://storage.googleapis.com/opensea-static/opensea-profile/27.png,0xa6518181b2db530dd1acfdfb389f19b18626c5c6,,,,[],
21430600,178,0,,https://lh3.googleusercontent.com/FhmtgG5cuYaI6I9pnKfBGD-ZLcZVNCwpk6YIQ2zPO5Ujr3f8ZdQ8jzxANnygpjz3rVF9V6L15-3qANCxDVtkOHRnhyRky4nSI9fiUw,https://lh3.googleusercontent.com/FhmtgG5cuYaI6I9pnKfBGD-ZLcZVNCwpk6YIQ2zPO5Ujr3f8ZdQ8jzxANnygpjz3rVF9V6L15-3qANCxDVtkOHRnhyRky4nSI9fiUw=s250,https://lh3.googleusercontent.com/FhmtgG5cuYaI6I9pnKfBGD-ZLcZVNCwpk6YIQ2zPO5Ujr3f8ZdQ8jzxANnygpjz3rVF9V6L15-3qANCxDVtkOHRnhyRky4nSI9fiUw=s128,https://ipfs.io/ipfs/QmVDdosvu7Z87CDbRLsLLHFmucdhpoDgQsneCdVkoX7tDT,,,Uncommon Takei Ichikawa #4,"Uncommon Takei Ichikawa, Fighter #178, 4 of 125. Art by https://www.instagram.com/tozzionzi/",https://cryptobrawle.rs/token/178,https://opensea.io/assets/0x5f9c963ab43f07b6bf6811ae92873e6d5861bd65/178,0.0,[],"[{'trait_type': 'Speed', 'value': 3, 'display_type': 'number', 'max_value': None, 'trait_count': 0, 'order': None}, {'trait_type': 'Fighter Name', 'value': 'Takei Ichikawa', 'display_type': None, 'max_value': None, 'trait_count': 0, 'order': None}, {'trait_type': 'Rarity', 'value': 'uncommon', 'display_type': None, 'max_value': None, 'trait_count': 0, 'order': None}, {'trait_type': 'Strength', 'value': 4, 'display_type': 'number', 'max_value': None, 'trait_count': 0, 'order': None}, {'trait_type': 'Mint Number', 'value': 4, 'display_type': 'number', 'max_value': '125', 'trait_count': 0, 'order': None}]",,,,False,,,0x5f9c963ab43f07b6bf6811ae92873e6d5861bd65,non-fungible,2021-04-07T14:58:46.363957,CryptoBrawlers,3.0,,29557066.0,ERC721,BRAWLER,2,"CryptoBrawlers is the collectible NFT fighting dApp! Beautiful hand drawn art, but with a twist. Don't just collect and trade brawlers like some common cat, compete with them! The stakes are high: lose the fight and lose your brawler. However the rewards are just as sweet, win the brawl and receive the defeated fighter as the spoils of war!",http://cryptobrawle.rs,https://lh3.googleusercontent.com/5cXNqKGgGDASjDlibgPmrAKt05mHoOlgszsFqOb2OOKHhjboV4l7LO2gkVC7JV9s_xnXdG-RR2EVDe0s4kRtNIwFGDeOayM2Z57_=s120,False,0,250,False,0,250,0,500,0x52839b1d72c45e3934185dbae8890957fc6d9785,,https://storage.googleapis.com/opensea-static/opensea-profile/16.png,0x5984bb82f11171cb1dc2287e2a6935c44d491538,,,,,2021-04-07T14:58:46.866987,False,"CryptoBrawlers is the collectible NFT fighting dApp! Beautiful hand drawn art, but with a twist. Don't just collect and trade brawlers like some common cat, compete with them! The stakes are high: lose the fight and lose your brawler. However the rewards are just as sweet, win the brawl and receive the defeated fighter as the spoils of war!",0,250,https://discord.gg/wDdxVP5T8u,cover,http://cryptobrawle.rs,False,,True,not_requested,https://lh3.googleusercontent.com/5cXNqKGgGDASjDlibgPmrAKt05mHoOlgszsFqOb2OOKHhjboV4l7LO2gkVC7JV9s_xnXdG-RR2EVDe0s4kRtNIwFGDeOayM2Z57_=s120,False,,cryptobrawlers,CryptoBrawlers V2,False,0,250,0x52839b1d72c45e3934185dbae8890957fc6d9785,False,,cryptobrawlers-mainnet,,crypto_brawlers,,,,https://storage.googleapis.com/opensea-static/opensea-profile/16.png,0x5984bb82f11171cb1dc2287e2a6935c44d491538,,,,,
21430599,177,0,,https://lh3.googleusercontent.com/uCLT9sdZBFtlT1swBEpUyADLrF1ibDl8F_9LLH0Bu179VeHH9cv2ecJ-uQ3uoI_q_H8wvs_4H-28VlOZoYamQZm7afWw5m6WDfph4V4,https://lh3.googleusercontent.com/uCLT9sdZBFtlT1swBEpUyADLrF1ibDl8F_9LLH0Bu179VeHH9cv2ecJ-uQ3uoI_q_H8wvs_4H-28VlOZoYamQZm7afWw5m6WDfph4V4=s250,https://lh3.googleusercontent.com/uCLT9sdZBFtlT1swBEpUyADLrF1ibDl8F_9LLH0Bu179VeHH9cv2ecJ-uQ3uoI_q_H8wvs_4H-28VlOZoYamQZm7afWw5m6WDfph4V4=s128,https://ipfs.io/ipfs/QmTxenp4seKqXDz8g11hFe5xSWx95oR2LPqTozByoBxZLY,,,Common Roland #9,"Common Roland, Fighter #177, 9 of 500. Art by https://www.instagram.com/tozzionzi/",https://cryptobrawle.rs/token/177,https://opensea.io/assets/0x5f9c963ab43f07b6bf6811ae92873e6d5861bd65/177,0.0,[],"[{'trait_type': 'Rarity', 'value': 'common', 'display_type': None, 'max_value': None, 'trait_count': 0, 'order': None}, {'trait_type': 'Speed', 'value': 4, 'display_type': 'number', 'max_value': None, 'trait_count': 0, 'order': None}, {'trait_type': 'Strength', 'value': 10, 'display_type': 'number', 'max_value': None, 'trait_count': 0, 'order': None}, {'trait_type': 'Mint Number', 'value': 9, 'display_type': 'number', 'max_value': '500', 'trait_count': 0, 'order': None}, {'trait_type': 'Fighter Name', 'value': 'Roland', 'display_type': None, 'max_value': None, 'trait_count': 0, 'order': None}]",,,,False,,,0x5f9c963ab43f07b6bf6811ae92873e6d5861bd65,non-fungible,2021-04-07T14:58:46.363957,CryptoBrawlers,3.0,,29557066.0,ERC721,BRAWLER,2,"CryptoBrawlers is the collectible NFT fighting dApp! Beautiful hand drawn art, but with a twist. Don't just collect and trade brawlers like some common cat, compete with them! The stakes are high: lose the fight and lose your brawler. However the rewards are just as sweet, win the brawl and receive the defeated fighter as the spoils of war!",http://cryptobrawle.rs,https://lh3.googleusercontent.com/5cXNqKGgGDASjDlibgPmrAKt05mHoOlgszsFqOb2OOKHhjboV4l7LO2gkVC7JV9s_xnXdG-RR2EVDe0s4kRtNIwFGDeOayM2Z57_=s120,False,0,250,False,0,250,0,500,0x52839b1d72c45e3934185dbae8890957fc6d9785,R,https://storage.googleapis.com/opensea-static/opensea-profile/7.png,0x4406571181978028df5621e973ce52cd5f2d05f8,affiliate,,,,2021-04-07T14:58:46.866987,False,"CryptoBrawlers is the collectible NFT fighting dApp! Beautiful hand drawn art, but with a twist. Don't just collect and trade brawlers like some common cat, compete with them! The stakes are high: lose the fight and lose your brawler. However the rewards are just as sweet, win the brawl and receive the defeated fighter as the spoils of war!",0,250,https://discord.gg/wDdxVP5T8u,cover,http://cryptobrawle.rs,False,,True,not_requested,https://lh3.googleusercontent.com/5cXNqKGgGDASjDlibgPmrAKt05mHoOlgszsFqOb2OOKHhjboV4l7LO2gkVC7JV9s_xnXdG-RR2EVDe0s4kRtNIwFGDeOayM2Z57_=s120,False,,cryptobrawlers,CryptoBrawlers V2,False,0,250,0x52839b1d72c45e3934185dbae8890957fc6d9785,False,,cryptobrawlers-mainnet,,crypto_brawlers,,,R,https://storage.googleapis.com/opensea-static/opensea-profile/7.png,0x4406571181978028df5621e973ce52cd5f2d05f8,affiliate,,,,
21430598,52898,0,,,,,,,,,,,https://opensea.io/assets/0xf556faf23fc2feefa33ee6db2d1ee4c70e534513/52898,,[],[],,,,False,,,0xf556faf23fc2feefa33ee6db2d1ee4c70e534513,non-fungible,2021-01-04T16:26:23.390626,,,,,ERC721,,,"This is the Matic collection for 0xUniverse, the revolutionary blockchain-based game. Become an explorer in a galaxy of unique, collectable planets. Colonize them to extract resources and build spacecrafts. Keep expanding your fleet until you've uncovered the final mysteries of the universe!",https://0xuniverse.com,https://lh3.googleusercontent.com/WcGfdbwJ5EcLj-_q7kIsyzhNOo6Wb8C5ZjZFJxUQEgwYbQ5eMVkpDHwbti8G0cFvXPQJbUfekwbCSZANhyuIzRys094NIoCkuGOm=s120,False,0,0,False,0,250,0,250,,,https://storage.googleapis.com/opensea-static/opensea-profile/1.png,0x0000000000000000000000000000000000000000,,,https://storage.opensea.io/static/banners/0xuniversematic-banner.png,,2021-01-04T16:26:23.654821,False,"This is the Matic collection for 0xUniverse, the revolutionary blockchain-based game. Become an explorer in a galaxy of unique, collectable planets. Colonize them to extract resources and build spacecrafts. Keep expanding your fleet until you've uncovered the final mysteries of the universe!",0,0,https://discord.gg/R8fwEPC,contain,https://0xuniverse.com,False,,True,not_requested,https://lh3.googleusercontent.com/WcGfdbwJ5EcLj-_q7kIsyzhNOo6Wb8C5ZjZFJxUQEgwYbQ5eMVkpDHwbti8G0cFvXPQJbUfekwbCSZANhyuIzRys094NIoCkuGOm=s120,False,,,0xUniverse (Matic),False,0,250,,False,,0xuniverse-matic,,0xUniverse,,,,https://storage.googleapis.com/opensea-static/opensea-profile/14.png,0xc26ece9ed5c88819bec21de45d5c37b2eac03d84,,,,,
21430597,175,0,,https://lh3.googleusercontent.com/h266GxfjH_-En12zOsfLlXNEd5PNNhQcu0mdHKIQd57m9TCa1HBCDN_jtXhBMPQlkgtjUpHdZKbel_tQOrCLDcxDLk-ZM2J-ZI-Igg,https://lh3.googleusercontent.com/h266GxfjH_-En12zOsfLlXNEd5PNNhQcu0mdHKIQd57m9TCa1HBCDN_jtXhBMPQlkgtjUpHdZKbel_tQOrCLDcxDLk-ZM2J-ZI-Igg=s250,https://lh3.googleusercontent.com/h266GxfjH_-En12zOsfLlXNEd5PNNhQcu0mdHKIQd57m9TCa1HBCDN_jtXhBMPQlkgtjUpHdZKbel_tQOrCLDcxDLk-ZM2J-ZI-Igg=s128,https://ipfs.io/ipfs/QmcK8SwduK6KsKBY4b6H9kPkMkzJvMsUvAV2Es3NAaFMbJ,,,Common Axolotl #20,"Common Axolotl, Fighter #175, 20 of 500. Art by https://www.instagram.com/tozzionzi/",https://cryptobrawle.rs/token/175,https://opensea.io/assets/0x5f9c963ab43f07b6bf6811ae92873e6d5861bd65/175,0.0,[],"[{'trait_type': 'Rarity', 'value': 'common', 'display_type': None, 'max_value': None, 'trait_count': 0, 'order': None}, {'trait_type': 'Strength', 'value': 3, 'display_type': 'number', 'max_value': None, 'trait_count': 0, 'order': None}, {'trait_type': 'Fighter Name', 'value': 'Axolotl', 'display_type': None, 'max_value': None, 'trait_count': 0, 'order': None}, {'trait_type': 'Speed', 'value': 8, 'display_type': 'number', 'max_value': None, 'trait_count': 0, 'order': None}, {'trait_type': 'Mint Number', 'value': 20, 'display_type': 'number', 'max_value': '500', 'trait_count': 0, 'order': None}]",,,,False,,,0x5f9c963ab43f07b6bf6811ae92873e6d5861bd65,non-fungible,2021-04-07T14:58:46.363957,CryptoBrawlers,3.0,,29557066.0,ERC721,BRAWLER,2,"CryptoBrawlers is the collectible NFT fighting dApp! Beautiful hand drawn art, but with a twist. Don't just collect and trade brawlers like some common cat, compete with them! The stakes are high: lose the fight and lose your brawler. However the rewards are just as sweet, win the brawl and receive the defeated fighter as the spoils of war!",http://cryptobrawle.rs,https://lh3.googleusercontent.com/5cXNqKGgGDASjDlibgPmrAKt05mHoOlgszsFqOb2OOKHhjboV4l7LO2gkVC7JV9s_xnXdG-RR2EVDe0s4kRtNIwFGDeOayM2Z57_=s120,False,0,250,False,0,250,0,500,0x52839b1d72c45e3934185dbae8890957fc6d9785,,https://storage.googleapis.com/opensea-static/opensea-profile/6.png,0xc8b7fbfeff764c574fa33728215f520385f7ee80,,,,,2021-04-07T14:58:46.866987,False,"CryptoBrawlers is the collectible NFT fighting dApp! Beautiful hand drawn art, but with a twist. Don't just collect and trade brawlers like some common cat, compete with them! The stakes are high: lose the fight and lose your brawler. However the rewards are just as sweet, win the brawl and receive the defeated fighter as the spoils of war!",0,250,https://discord.gg/wDdxVP5T8u,cover,http://cryptobrawle.rs,False,,True,not_requested,https://lh3.googleusercontent.com/5cXNqKGgGDASjDlibgPmrAKt05mHoOlgszsFqOb2OOKHhjboV4l7LO2gkVC7JV9s_xnXdG-RR2EVDe0s4kRtNIwFGDeOayM2Z57_=s120,False,,cryptobrawlers,CryptoBrawlers V2,False,0,250,0x52839b1d72c45e3934185dbae8890957fc6d9785,False,,cryptobrawlers-mainnet,,crypto_brawlers,,,,https://storage.googleapis.com/opensea-static/opensea-profile/6.png,0xc8b7fbfeff764c574fa33728215f520385f7ee80,,,,,
